"","mean","sd","2.5%","97.5%"
"C[1]",-85.6874428121188,15.4785826534435,-116.086282960507,-56.5831804507371
"C[2]",95.737187831844,14.3731616477958,67.9292965187243,123.734287886978
"C[3]",268.044118881538,24.0573297545125,222.736209057922,317.170045232885
"alpha_DIN",-65.6799674983184,8.69208118414871,-83.2850832866908,-49.2877618858855
"alpha_DIP",-68.9392533194483,10.4198027786953,-90.1752042509975,-49.2101677032735
"alpha_N",144.373875735962,14.4268917025559,117.217465567441,173.726493222524
"alpha_P",113.123860493217,13.6482589374208,87.4691679202508,140.907261280767
"alpha_SD",-28.7281852443955,9.14330699510988,-47.4624709003513,-11.4676107702008
"alpha_SubR[1]",16.9486939264832,23.6299554165463,-30.279183414576,64.2320076997529
"alpha_SubR[2]",-91.1669641829587,80.1995459867436,-251.185898504539,64.9062046299156
"alpha_SubR[3]",22.460882125842,24.5901903954662,-26.1390015501558,70.2040951479004
"alpha_SubR[4]",-102.126032024396,51.1511449524828,-208.690659159239,-6.71721661932921
"alpha_SubR[5]",23.7775492935044,16.893862386139,-8.47388272409833,56.579931590072
"alpha_SubR[6]",-12.6389458739817,19.1123618219716,-50.0080825707621,24.966509025994
"alpha_SubR[7]",8.54988689167711,22.7030233332718,-36.9258511010017,52.4881715353519
"alpha_SubR[8]",-14.1047871414538,66.6565622601328,-142.858899211712,116.973233893443
"alpha_SubR[9]",-89.0169403929943,70.0941455665434,-226.291072338734,48.4262515396059
"alpha_SubR[10]",102.511420103995,29.7823324117935,44.2709436734848,160.598514676849
"alpha_SubR[11]",-191.42800196975,33.7044398984225,-258.127674014576,-127.01281925167
"alpha_SubR[12]",81.3084528535194,35.8176720275236,9.38276691313259,152.135190290086
"alpha_SubR[13]",-19.6930294988597,19.473616230705,-57.2371608615288,18.5571377521849
"alpha_SubR[14]",-166.886557420593,48.34180692096,-261.982011254364,-74.0643855036131
"alpha_SubR[15]",-34.9571143726784,21.6362650274732,-78.1745910595738,7.41146236812706
"alpha_SubR[16]",-30.3508211231708,91.7902180453358,-212.253112021239,152.550547656582
"s",77.7460856982618,6.84906472819135,65.0392842008241,91.7717100378305
