"","mean","sd","2.5%","97.5%"
"C[1]",-91.4883096670584,29.5999523751543,-149.128068928818,-33.6138428860352
"C[2]",76.5920167460044,29.2206103038573,19.9491263451948,133.362703691569
"C[3]",284.62134900451,54.096348583125,181.039341123788,391.646212219688
"alpha_DIN",-62.9797205679888,14.0928224097416,-92.9597208157512,-37.9505977776219
"alpha_DIP",-54.6568090423351,17.4034790674197,-91.5456533307825,-23.974561309611
"alpha_N",124.196514334483,25.2321320117303,77.9261377579545,176.834165737888
"alpha_P",81.7736906133203,22.6682012593907,41.6217011025303,130.347378946691
"alpha_SD",-57.8604423793432,17.0621786681593,-94.4287369849907,-27.5617695595383
"alpha_SubR[1]",-48.9435911047822,61.9240544517773,-181.504973204691,64.3774834585519
"alpha_SubR[2]",7.47598224200362,39.4211264662404,-71.9898054507801,83.6492138103602
"alpha_SubR[3]",-127.6953387884,45.9554790509626,-221.337676705216,-40.2717142548985
"alpha_SubR[4]",-154.847389444166,67.4449604937277,-294.331736048652,-26.5515069536001
"alpha_SubR[5]",20.686081278254,38.1325978043388,-53.2261220321687,95.3999607037119
"alpha_SubR[6]",10.1680123923692,30.6165310861405,-48.9095067494549,71.0502371473108
"alpha_SubR[7]",-18.4361708369418,32.1290438217993,-79.7526338800769,44.7467042408198
"alpha_SubR[8]",8.32256370295261,36.3516180255632,-63.4283104618315,78.8275860753433
"alpha_SubR[9]",47.714920156218,85.005647564734,-124.23845109682,209.61243677145
"alpha_SubR[10]",6.07382581816539,67.8435969687722,-127.370687486891,141.011696481459
"alpha_SubR[11]",83.7626981633928,48.0541360799246,-7.96818150527162,179.807533326682
"alpha_SubR[12]",25.8978569264265,60.8058147432543,-92.2428874774747,145.749535516962
"alpha_SubR[13]",-117.726405597532,60.1917122064446,-242.912610751686,-3.00344875381531
"alpha_SubR[14]",4.25746437381594,29.877759189758,-52.165335684852,63.0106892645262
"alpha_SubR[15]",-40.5272756692787,60.2625612334387,-161.039625250158,77.6098678784334
"alpha_SubR[16]",-23.2356154627517,34.0797458895043,-89.3756373743543,43.5565345891011
"alpha_SubR[17]",-30.5427114539569,90.1713298760781,-213.550172085427,142.116746348078
"s",80.075961833719,13.9358281675369,54.7955836847614,108.830463513556
"log_s",4.3676202559337,0.176558784478274,4.00402060989913,4.68979343823905
