"","mean","sd","2.5%","97.5%"
"C[1]",-73.3855517005556,14.2417850413957,-102.018528219282,-45.8448538862035
"C[2]",95.0661789175398,13.3513504518914,69.3369959876217,121.512824217037
"C[3]",256.177745705271,22.0374043741148,213.753059808238,299.669142411396
"alpha_DIN",-60.3573471464657,8.28647417116977,-76.6459917188492,-44.5847762888057
"alpha_DIP",-66.7329602836254,9.78242649640178,-86.2853354476844,-47.7433461516571
"alpha_N",133.874542088195,13.3262816617825,108.808552955344,160.456744114596
"alpha_P",109.470555203529,12.766345635164,84.6695830347677,134.567956568376
"alpha_SD",-27.7104734706526,8.51880685659812,-45.4403196773378,-11.2607419390797
"alpha_SubR[1]",-92.2684390885818,50.8077770519521,-194.535375000112,4.05712448315279
"alpha_SubR[2]",16.2472560185446,22.878479712564,-29.2085395977023,60.300125484064
"alpha_SubR[3]",-167.434806022475,33.282594057071,-234.87605867788,-103.832329310927
"alpha_SubR[4]",-209.046607270018,54.4369331855809,-318.931039283905,-104.279273585464
"alpha_SubR[5]",32.1086349891787,22.5813879885967,-13.5228250602651,74.6243135160473
"alpha_SubR[6]",30.0474943308641,16.7866491283349,-2.96556743833905,62.4913782373118
"alpha_SubR[7]",-9.03139656321953,18.3970740598225,-45.7373735425401,26.8056189495884
"alpha_SubR[8]",11.8119945582871,20.7007140369784,-29.1681384325563,52.0766073290743
"alpha_SubR[9]",-13.6524065414908,65.8273163238671,-142.630956263675,117.311943392102
"alpha_SubR[10]",35.465520405835,60.2921799665991,-86.1987931096042,149.408977616419
"alpha_SubR[11]",103.260758190011,27.648447855543,48.0128336638187,157.064198781882
"alpha_SubR[12]",48.0545331070824,37.0797064458558,-24.7821120157415,118.883653521435
"alpha_SubR[13]",-139.656873769238,54.0258005968001,-246.883357039773,-33.5408241626171
"alpha_SubR[14]",2.16591823704212,15.5879423531684,-28.9211716785331,32.0833934736434
"alpha_SubR[15]",-146.890913164979,45.3797411394644,-238.2806179111,-60.7035551644216
"alpha_SubR[16]",-26.8119509427908,20.4333719983147,-68.0131639460149,12.5046204560535
"alpha_SubR[17]",-29.7237779831864,89.7721044329154,-203.488651478931,147.483600916092
"s",72.9495364182417,6.27372861249863,61.2673729598947,85.7899228484278
